
INSERT INTO color (name) VALUES
                             ('Red'),
                             ('Blue'),
                             ('Green'),
                             ('Yellow'),
                             ('Black'),
                             ('White'),
                             ('Silver'),
                             ('Gray'),
                             ('Orange'),
                             ('Purple'),
                             ('Brown'),
                             ('Gold'),
                             ('Navy'),
                             ('Tan'),
                             ('Maroon'),
                             ('Beige'),
                             ('Cyan'),
                             ('Magenta'),
                             ('Olive'),
                             ('Teal');

INSERT INTO brand (name) VALUES ('BMW'), ('Audi'), ('Porsche');

INSERT INTO car_model (name, brandId) VALUES
                                          ('e39', 1),
                                          ('e46', 1),
                                          ('e30', 1),
                                          ('a4', 2),
                                          ('a5', 2),
                                          ('a6', 2),
                                          ('Cayenne', 3),
                                          ('911', 3),
                                          ('Carrera', 3);

INSERT INTO car (colorId, mileage, modelId, registrationNumber)
VALUES
    (1, 150000, 5, 'ABC1234'),
    (2, 100000, 7, 'DEF5678'),
    (3, 200000, 3, 'GHI9012'),
    (4, 80000, 2, 'JKL3456'),
    (5, 180000, 9, 'MNO7890'),
    (6, 120000, 1, 'PQR1234'),
    (7, 70000, 4, 'STU5678'),
    (8, 220000, 6, 'VWX9012'),
    (9, 90000, 8, 'YZA3456'),
    (10, 160000, 5, 'BCD7890'),
    (11, 130000, 3, 'EFG1234'),
    (12, 240000, 2, 'HIJ5678'),
    (13, 60000, 9, 'KLM9012'),
    (14, 170000, 1, 'NOP1234'),
    (15, 110000, 7, 'QRS5678'),
    (16, 190000, 4, 'TUV9012'),
    (17, 100000, 6, 'WXY1234'),
    (18, 210000, 8, 'ZAB5678'),
    (19, 140000, 5, 'CDE9012'),
    (20, 230000, 3, 'FGH1234');

INSERT INTO city (name, region, country, postalCode)
VALUES
    ('London', 'Greater London', 'United Kingdom', 'SW1A 1AA'),
    ('Paris', 'Île-de-France', 'France', '75000'),
    ('Berlin', 'Berlin', 'Germany', '10115'),
    ('Madrid', 'Community of Madrid', 'Spain', '28001'),
    ('Rome', 'Lazio', 'Italy', '00184'),
    ('Athens', 'Attica', 'Greece', '105 63'),
    ('Stockholm', 'Stockholm County', 'Sweden', '111 20'),
    ('Amsterdam', 'North Holland', 'Netherlands', '1012'),
    ('Vienna', 'Vienna', 'Austria', '1010'),
    ('Brussels', 'Brussels', 'Belgium', '1000'),
    ('Oslo', 'Oslo', 'Norway', '0154'),
    ('Dublin', 'County Dublin', 'Ireland', 'D02'),
    ('Copenhagen', 'Capital Region of Denmark', 'Denmark', '1050'),
    ('Warsaw', 'Masovian Voivodeship', 'Poland', '00-001'),
    ('Budapest', 'Central Hungary', 'Hungary', '1051'),
    ('Prague', 'Prague', 'Czech Republic', '110 00'),
    ('Lisbon', 'Lisbon', 'Portugal', '1100-008'),
    ('Moscow', 'Moscow', 'Russia', '101000'),
    ('Zurich', 'Zurich', 'Switzerland', '8001'),
    ('Helsinki', 'Uusimaa', 'Finland', '00100');

INSERT INTO address (street, building, cityId)
VALUES
    ('Street1', 1, 1),
    ('Street2', 2, 2),
    ('Street3', 3, 3),
    ('Street4', 4, 4),
    ('Street5', 5, 5),
    ('Street6', 6, 6),
    ('Street7', 7, 7),
    ('Street8', 8, 8),
    ('Street9', 9, 9),
    ('Street10', 10, 10),
    ('Street11', 11, 11),
    ('Street12', 12, 12),
    ('Street13', 13, 13),
    ('Street14', 14, 14),
    ('Street15', 15, 15),
    ('Street16', 16, 16),
    ('Street17', 17, 17),
    ('Street18', 18, 18),
    ('Street19', 19, 19),
    ('Street20', 20, 20);

INSERT INTO _user (fullName, addressId)
VALUES
    ('User1', 1),
    ('User2', 2),
    ('User3', 3),
    ('User4', 4),
    ('User5', 5),
    ('User6', 6),
    ('User7', 7),
    ('User8', 8),
    ('User9', 9),
    ('User10', 10),
    ('User11', 11),
    ('User12', 12),
    ('User13', 13),
    ('User14', 14),
    ('User15', 15),
    ('User16', 16),
    ('User17', 17),
    ('User18', 18),
    ('User19', 19),
    ('User20', 20);

INSERT INTO car_rental (rentedFrom, rentedTo, userId, carId) VALUES
     ('2024-02-17 08:00:00', '2024-02-19 17:00:00', 1, 5),
     ('2024-02-18 10:00:00', '2024-02-20 15:00:00', 2, 8),
     ('2024-02-19 12:00:00', '2024-02-21 14:00:00', 3, 12),
     ('2024-02-20 09:00:00', '2024-02-23 12:00:00', 4, 15),
     ('2024-02-21 11:00:00', '2024-02-24 10:00:00', 5, 18),
     ('2024-02-22 14:00:00', '2024-02-25 16:00:00', 6, 20),
     ('2024-02-23 08:00:00', '2024-02-26 17:00:00', 7, 3),
     ('2024-02-24 10:00:00', '2024-02-27 15:00:00', 8, 7),
     ('2024-02-25 12:00:00', '2024-02-28 14:00:00', 9, 11),
     ('2024-02-26 09:00:00', '2024-02-29 12:00:00', 10, 14),
     ('2024-02-27 11:00:00', '2024-03-01 10:00:00', 11, 17),
     ('2024-02-28 14:00:00', '2024-03-02 16:00:00', 12, 19),
     ('2024-02-29 08:00:00', '2024-03-03 17:00:00', 13, 2),
     ('2024-03-01 10:00:00', '2024-03-04 15:00:00', 14, 6),
     ('2024-03-02 12:00:00', '2024-03-05 14:00:00', 15, 10),
     ('2024-03-03 09:00:00', '2024-03-06 12:00:00', 16, 13),
     ('2024-03-04 11:00:00', '2024-03-07 10:00:00', 17, 16),
     ('2024-03-05 14:00:00', '2024-03-08 16:00:00', 18, 1),
     ('2024-03-06 08:00:00', '2024-03-09 17:00:00', 19, 4),
     ('2024-03-07 10:00:00', '2024-03-10 15:00:00', 20, 9);